day_scale,pain_scale,pick_a_number
2,0,10.895493045682088
5,4,3.722354394150898
2,3,10.879648667993024
4,8,11.076823711162433
1,7,7
2,7,18.837447729660198
5,1,8.544745830120519
5,9,14.509880976518616
3,9,2.6938203144818544
4,1,19.50250033568591
